{"cameraMode":{"drawMode":0,"name":"Shaded","section":"Shading Mode"},"sceneLighting":false,"audioPlay":false,"sceneViewState":{"showFog":true,"showMaterialUpdate":false,"showSkybox":true,"showFlares":true,"showImageEffects":true,"showParticleSystems":true},"in2DMode":false,"pivot":{"x":-8.243112564086914,"y":1.9444880485534669,"z":0.6688027381896973},"rotation":{"x":-0.11150601506233216,"y":0.8709692358970642,"z":-0.23207877576351167,"w":-0.41847163438796999},"size":5.681600570678711,"orthographic":false}