{"cameraMode":{"drawMode":0,"name":"Shaded","section":"Shading Mode"},"sceneLighting":false,"audioPlay":false,"sceneViewState":{"showFog":true,"showMaterialUpdate":false,"showSkybox":true,"showFlares":true,"showImageEffects":true,"showParticleSystems":true},"in2DMode":false,"pivot":{"x":4.026705741882324,"y":0.25,"z":9.623435974121094},"rotation":{"x":0.00850642193108797,"y":0.9911449551582336,"z":-0.10596779733896256,"w":0.07956196367740631},"size":2.3352956771850588,"orthographic":false}