{"cameraMode":{"drawMode":0,"name":"Shaded","section":"Shading Mode"},"sceneLighting":false,"audioPlay":false,"sceneViewState":{"showFog":true,"showMaterialUpdate":false,"showSkybox":true,"showFlares":true,"showImageEffects":true,"showParticleSystems":true},"in2DMode":false,"pivot":{"x":-1626.592529296875,"y":216.34336853027345,"z":-1889.386474609375},"rotation":{"x":-0.019522927701473237,"y":0.9177363514900208,"z":-0.3940962255001068,"w":-0.04546387866139412},"size":4.716142177581787,"orthographic":false}